RadiantWin,Hero1,Hero2,Hero3,Hero4,Hero5,Hero6,Hero7,Hero8,Hero9,Hero10
1,51,45,13,63,19,48,126,123,68,55
0,10,99,35,37,128,69,45,25,51,42
0,85,102,95,106,51,54,39,53,27,59
1,60,83,84,42,76,37,8,38,11,32
1,112,126,49,89,100,80,23,9,105,25
1,135,26,47,67,62,14,128,101,11,41
0,110,14,46,8,51,59,95,26,23,100
0,19,4,30,96,26,90,12,128,29,74
1,62,2,8,26,80,51,18,31,75,11
0,42,121,98,114,129,7,111,69,95,34
1,70,51,76,87,96,23,48,99,52,78
0,42,25,74,85,27,61,94,87,100,129
1,70,51,97,86,67,8,27,26,17,78
0,13,112,8,104,9,126,26,98,41,79
1,70,113,83,99,62,120,44,123,14,111
0,76,85,36,1,123,55,19,26,11,72
1,48,76,84,126,5,96,49,20,46,135
0,98,76,10,7,39,57,44,30,34,96
1,128,26,72,44,34,120,11,14,48,30
1,10,105,63,37,120,54,119,19,46,135
0,42,79,53,4,110,68,72,126,54,128
1,107,17,6,60,112,102,121,2,21,94
1,111,59,95,58,62,50,123,19,41,74
1,27,46,21,4,104,14,9,96,44,13
1,135,14,126,121,61,100,42,113,98,112
0,11,31,23,1,86,128,26,42,15,68
1,50,48,104,26,34,113,99,30,44,19
0,128,21,54,48,70,27,88,9,72,99
1,21,46,72,94,29,74,120,93,98,50
1,74,88,99,4,51,104,100,42,123,47
1,123,70,111,59,112,46,62,50,2,54
1,87,108,46,14,54,95,103,121,13,99
1,108,30,44,86,15,54,114,96,123,111
1,54,14,87,114,71,135,106,97,12,83
1,81,30,4,13,15,26,12,120,39,55
0,62,7,74,26,18,54,58,121,51,47
0,9,11,54,98,119,37,74,120,104,14
1,110,14,10,71,34,128,120,19,8,31
1,14,112,5,8,76,104,75,62,119,10
1,39,27,104,123,41,111,10,9,44,107
1,58,62,27,42,23,57,9,22,68,70
0,84,94,46,14,11,93,61,27,97,128
1,128,42,59,123,14,93,91,84,72,62
1,101,36,28,40,8,37,54,97,55,13
1,35,123,97,93,37,42,94,102,4,14
1,9,8,79,14,11,29,48,121,35,26
0,10,99,35,37,128,69,45,25,51,42
0,85,102,95,106,51,54,39,53,27,59
1,104,9,2,69,32,28,23,70,31,97
0,101,96,87,34,54,30,67,106,128,2
0,25,104,114,17,95,70,76,19,110,39
1,40,29,18,68,46,61,19,14,54,84
0,129,42,39,27,62,44,14,46,110,76
0,22,86,96,70,37,48,104,81,46,68
1,84,76,67,96,27,112,105,99,22,93
1,47,60,128,12,112,93,99,51,68,52
0,48,38,111,39,21,83,13,129,72,5
0,56,2,8,85,20,45,89,100,87,9
1,14,5,80,17,104,67,9,62,46,99
1,123,96,37,52,63,66,67,21,76,14
0,86,135,8,28,34,97,88,54,51,17
0,92,135,83,10,19,86,48,22,26,50
1,129,128,101,51,109,29,119,67,97,19
0,52,126,27,109,74,76,62,36,87,48
1,70,51,97,86,67,8,27,26,17,78
0,13,112,8,104,9,126,26,98,41,79
1,48,76,84,126,5,96,49,20,46,135
1,128,26,72,44,34,120,11,14,48,30
1,10,105,63,37,120,54,119,19,46,135
0,42,79,53,4,110,68,72,126,54,128
1,27,46,21,4,104,14,9,96,44,13
1,135,14,126,121,61,100,42,113,98,112
0,11,31,23,1,86,128,26,42,15,68
1,50,48,104,26,34,113,99,30,44,19
0,128,21,54,48,70,27,88,9,72,99
1,74,88,99,4,51,104,100,42,123,47
1,123,70,111,59,112,46,62,50,2,54
1,87,108,46,14,54,95,103,121,13,99
1,108,30,44,86,15,54,114,96,123,111
1,54,14,87,114,71,135,106,97,12,83
1,81,30,4,13,15,26,12,120,39,55
0,9,11,54,98,119,37,74,120,104,14
1,110,14,10,71,34,128,120,19,8,31
1,14,112,5,8,76,104,75,62,119,10
1,39,27,104,123,41,111,10,9,44,107
0,84,94,46,14,11,93,61,27,97,128
1,128,42,59,123,14,93,91,84,72,62
1,101,36,28,40,8,37,54,97,55,13
1,35,123,97,93,37,42,94,102,4,14
1,9,8,79,14,11,29,48,121,35,26
0,126,84,22,62,15,96,74,31,93,59
1,104,9,2,69,32,28,23,70,31,97
0,101,96,87,34,54,30,67,106,128,2
0,25,104,114,17,95,70,76,19,110,39
0,74,44,87,47,135,86,10,31,81,72
1,40,29,18,68,46,61,19,14,54,84
0,129,42,39,27,62,44,14,46,110,76
0,126,84,22,62,15,96,74,31,93,59
1,104,9,2,69,32,28,23,70,31,97
0,55,36,54,128,97,84,44,112,76,100
0,98,128,62,10,100,99,74,5,9,12
0,101,96,87,34,54,30,67,106,128,2
0,25,104,114,17,95,70,76,19,110,39
0,74,44,87,47,135,86,10,31,81,72
1,40,29,18,68,46,61,19,14,54,84
0,126,75,129,112,67,48,96,34,84,71
0,129,42,39,27,62,44,14,46,110,76
0,22,86,96,70,37,48,104,81,46,68
1,84,76,67,96,27,112,105,99,22,93
1,47,60,128,12,112,93,99,51,68,52
0,48,38,111,39,21,83,13,129,72,5
0,56,2,8,85,20,45,89,100,87,9
1,14,5,80,17,104,67,9,62,46,99
1,123,96,37,52,63,66,67,21,76,14
0,86,135,8,28,34,97,88,54,51,17
0,92,135,83,10,19,86,48,22,26,50
1,129,128,101,51,109,29,119,67,97,19
0,121,46,12,3,53,98,105,67,17,5
1,46,71,70,84,16,128,27,21,58,48
1,81,75,135,53,101,36,107,108,70,37
0,52,126,27,109,74,76,62,36,87,48
0,104,119,93,17,64,14,123,56,26,91
1,31,121,70,13,69,68,106,7,98,8
0,20,8,123,99,25,72,104,75,119,22
0,30,106,86,99,108,15,70,100,119,37
1,51,52,104,30,81,129,12,84,34,58
1,8,121,14,104,46,21,98,5,86,48
0,44,111,52,43,71,55,13,95,83,100
0,58,25,9,18,14,56,2,10,37,45
0,120,5,100,93,74,27,42,13,45,63
1,7,74,13,8,26,58,42,101,120,10
0,12,73,87,19,99,28,86,44,68,26
1,54,22,79,62,47,67,5,91,19,52
1,86,41,29,34,97,56,68,26,42,36
0,12,69,102,88,74,104,5,8,59,128
0,26,14,99,104,86,105,48,47,2,5
0,74,107,93,27,7,98,50,99,86,8
1,64,59,33,41,56,14,42,9,39,129
1,50,48,104,26,34,113,99,30,44,19
0,128,21,54,48,70,27,88,9,72,99
1,21,46,72,94,29,74,120,93,98,50
1,74,88,99,4,51,104,100,42,123,47
1,123,70,111,59,112,46,62,50,2,54
1,87,108,46,14,54,95,103,121,13,99
1,108,30,44,86,15,54,114,96,123,111
1,54,14,87,114,71,135,106,97,12,83
1,81,30,4,13,15,26,12,120,39,55
0,62,7,74,26,18,54,58,121,51,47
1,110,14,10,71,34,128,120,19,8,31
1,14,112,5,8,76,104,75,62,119,10
0,48,38,111,39,21,83,13,129,72,5
0,56,2,8,85,20,45,89,100,87,9
1,14,5,80,17,104,67,9,62,46,99
1,123,96,37,52,63,66,67,21,76,14
0,86,135,8,28,34,97,88,54,51,17
0,92,135,83,10,19,86,48,22,26,50
1,129,128,101,51,109,29,119,67,97,19
0,121,46,12,3,53,98,105,67,17,5
1,46,71,70,84,16,128,27,21,58,48
1,81,75,135,53,101,36,107,108,70,37
0,52,126,27,109,74,76,62,36,87,48
0,104,119,93,17,64,14,123,56,26,91
1,31,121,70,13,69,68,106,7,98,8
0,20,8,123,99,25,72,104,75,119,22
0,30,106,86,99,108,15,70,100,119,37
1,51,52,104,30,81,129,12,84,34,58
1,8,121,14,104,46,21,98,5,86,48
0,44,111,52,43,71,55,13,95,83,100
0,58,25,9,18,14,56,2,10,37,45
0,120,5,100,93,74,27,42,13,45,63
1,7,74,13,8,26,58,42,101,120,10
0,12,73,87,19,99,28,86,44,68,26
1,54,22,79,62,47,67,5,91,19,52
1,86,41,29,34,97,56,68,26,42,36
0,12,69,102,88,74,104,5,8,59,128
0,26,14,99,104,86,105,48,47,2,5
0,74,107,93,27,7,98,50,99,86,8
1,64,59,33,41,56,14,42,9,39,129
0,25,39,16,75,44,46,114,7,90,68
1,74,110,42,96,26,109,101,123,2,37
1,103,1,99,104,50,31,106,135,67,112
0,98,50,44,17,119,13,10,135,21,83
0,41,19,21,106,123,12,61,87,9,17
1,9,28,54,74,128,121,129,10,19,88
1,101,113,64,70,36,51,114,48,13,40
0,26,72,18,86,96,113,21,98,106,50
0,14,2,35,107,8,27,70,48,74,30
0,86,26,100,63,11,8,135,94,40,99
1,26,87,22,8,120,44,75,128,7,99
1,68,70,107,19,21,92,121,96,42,126
1,14,112,5,8,76,104,75,62,119,10
1,39,27,104,123,41,111,10,9,44,107
1,58,62,27,42,23,57,9,22,68,70
0,84,94,46,14,11,93,61,27,97,128
1,128,42,59,123,14,93,91,84,72,62
1,101,36,28,40,8,37,54,97,55,13
1,35,123,97,93,37,42,94,102,4,14
1,9,8,79,14,11,29,48,121,35,26
0,126,84,22,62,15,96,74,31,93,59
1,104,9,2,69,32,28,23,70,31,97
0,101,96,87,34,54,30,67,106,128,2
1,14,5,80,17,104,67,9,62,46,99
1,123,96,37,52,63,66,67,21,76,14
0,86,135,8,28,34,97,88,54,51,17
0,92,135,83,10,19,86,48,22,26,50
1,129,128,101,51,109,29,119,67,97,19
0,121,46,12,3,53,98,105,67,17,5
1,46,71,70,84,16,128,27,21,58,48
1,81,75,135,53,101,36,107,108,70,37
0,52,126,27,109,74,76,62,36,87,48
0,104,119,93,17,64,14,123,56,26,91
1,31,121,70,13,69,68,106,7,98,8
0,20,8,123,99,25,72,104,75,119,22
0,30,106,86,99,108,15,70,100,119,37
1,51,52,104,30,81,129,12,84,34,58
1,8,121,14,104,46,21,98,5,86,48
0,44,111,52,43,71,55,13,95,83,100
0,58,25,9,18,14,56,2,10,37,45
0,120,5,100,93,74,27,42,13,45,63
1,7,74,13,8,26,58,42,101,120,10
0,12,73,87,19,99,28,86,44,68,26
1,54,22,79,62,47,67,5,91,19,52
1,86,41,29,34,97,56,68,26,42,36
0,12,69,102,88,74,104,5,8,59,128
0,26,14,99,104,86,105,48,47,2,5
0,74,107,93,27,7,98,50,99,86,8
1,64,59,33,41,56,14,42,9,39,129
0,25,39,16,75,44,46,114,7,90,68
1,74,110,42,96,26,109,101,123,2,37
1,103,1,99,104,50,31,106,135,67,112
0,98,50,44,17,119,13,10,135,21,83
0,41,19,21,106,123,12,61,87,9,17
1,9,28,54,74,128,121,129,10,19,88
1,101,113,64,70,36,51,114,48,13,40
0,26,72,18,86,96,113,21,98,106,50
0,14,2,35,107,8,27,70,48,74,30
0,86,26,100,63,11,8,135,94,40,99
1,26,87,22,8,120,44,75,128,7,99
1,68,70,107,19,21,92,121,96,42,126
1,34,5,100,55,54,50,44,123,61,99
1,12,17,105,2,68,50,101,41,72,86
0,96,51,5,70,128,65,99,8,9,36
0,85,86,29,41,19,121,1,123,28,46
0,46,128,28,72,93,8,26,74,97,107
0,96,12,35,20,75,59,123,57,21,36
0,56,93,128,78,7,2,20,35,9,42
1,30,98,41,74,100,128,42,5,13,2
1,25,68,56,135,43,100,76,128,16,81
1,111,6,59,128,22,121,99,123,50,98
0,42,26,52,104,30,9,19,8,16,34
0,96,40,8,37,36,86,23,46,59,39
1,14,121,61,1,84,27,105,8,10,100
0,96,12,35,20,75,59,123,57,21,36
0,12,73,87,19,99,28,86,44,68,26
1,54,22,79,62,47,67,5,91,19,52
1,86,41,29,34,97,56,68,26,42,36
0,12,69,102,88,74,104,5,8,59,128
0,26,14,99,104,86,105,48,47,2,5
0,74,107,93,27,7,98,50,99,86,8
1,64,59,33,41,56,14,42,9,39,129
0,25,39,16,75,44,46,114,7,90,68
1,74,110,42,96,26,109,101,123,2,37
1,103,1,99,104,50,31,106,135,67,112
0,98,50,44,17,119,13,10,135,21,83
0,41,19,21,106,123,12,61,87,9,17
1,9,28,54,74,128,121,129,10,19,88
1,101,113,64,70,36,51,114,48,13,40
0,26,72,18,86,96,113,21,98,106,50
0,14,2,35,107,8,27,70,48,74,30
0,86,26,100,63,11,8,135,94,40,99
1,26,87,22,8,120,44,75,128,7,99
1,68,70,107,19,21,92,121,96,42,126
1,34,5,100,55,54,50,44,123,61,99
1,12,17,105,2,68,50,101,41,72,86
0,96,51,5,70,128,65,99,8,9,36
0,85,86,29,41,19,121,1,123,28,46
0,46,128,28,72,93,8,26,74,97,107
0,96,12,35,20,75,59,123,57,21,36
0,56,93,128,78,7,2,20,35,9,42
1,30,98,41,74,100,128,42,5,13,2
1,25,68,56,135,43,100,76,128,16,81
1,111,6,59,128,22,121,99,123,50,98
0,42,26,52,104,30,9,19,8,16,34
0,96,40,8,37,36,86,23,46,59,39
0,74,31,70,14,2,123,10,97,87,17
1,14,121,61,1,84,27,105,8,10,100
1,120,85,41,27,82,87,93,39,88,96
1,2,31,42,74,32,96,94,9,17,121
0,87,12,9,23,10,102,16,67,11,74
1,9,10,40,72,14,89,70,7,52,128
1,123,120,42,57,106,74,64,94,41,102
1,78,119,37,74,42,21,8,105,87,2
1,11,33,16,128,6,41,45,34,25,37
0,108,94,19,36,66,30,93,7,92,52
1,49,119,83,106,128,91,54,11,129,100
0,29,46,51,21,28,19,48,98,27,7
0,56,123,52,126,14,21,101,93,99,37
1,14,48,102,13,75,34,93,33,68,69
1,2,123,42,19,112,46,105,36,63,30
1,52,123,36,48,19,62,111,32,102,41
0,12,73,87,19,99,28,86,44,68,26
1,54,22,79,62,47,67,5,91,19,52
1,86,41,29,34,97,56,68,26,42,36
0,12,69,102,88,74,104,5,8,59,128
0,26,14,99,104,86,105,48,47,2,5
0,74,107,93,27,7,98,50,99,86,8
1,64,59,33,41,56,14,42,9,39,129
0,25,39,16,75,44,46,114,7,90,68
1,74,110,42,96,26,109,101,123,2,37
1,103,1,99,104,50,31,106,135,67,112
0,98,50,44,17,119,13,10,135,21,83
0,41,19,21,106,123,12,61,87,9,17
1,9,28,54,74,128,121,129,10,19,88
1,101,113,64,70,36,51,114,48,13,40
0,26,72,18,86,96,113,21,98,106,50
0,14,2,35,107,8,27,70,48,74,30
0,86,26,100,63,11,8,135,94,40,99
1,26,87,22,8,120,44,75,128,7,99
1,68,70,107,19,21,92,121,96,42,126
1,34,5,100,55,54,50,44,123,61,99
1,12,17,105,2,68,50,101,41,72,86
0,96,51,5,70,128,65,99,8,9,36
0,85,86,29,41,19,121,1,123,28,46
0,46,128,28,72,93,8,26,74,97,107
0,96,12,35,20,75,59,123,57,21,36
0,56,93,128,78,7,2,20,35,9,42
1,30,98,41,74,100,128,42,5,13,2
1,25,68,56,135,43,100,76,128,16,81
1,111,6,59,128,22,121,99,123,50,98
0,42,26,52,104,30,9,19,8,16,34
0,96,40,8,37,36,86,23,46,59,39
0,74,31,70,14,2,123,10,97,87,17
1,14,121,61,1,84,27,105,8,10,100
1,120,85,41,27,82,87,93,39,88,96
1,34,21,31,67,98,48,16,93,14,119
1,2,31,42,74,32,96,94,9,17,121
0,87,12,9,23,10,102,16,67,11,74
1,9,10,40,72,14,89,70,7,52,128
1,123,120,42,57,106,74,64,94,41,102
1,78,119,37,74,42,21,8,105,87,2
1,11,33,16,128,6,41,45,34,25,37
0,108,94,19,36,66,30,93,7,92,52
1,49,119,83,106,128,91,54,11,129,100
0,29,46,51,21,28,19,48,98,27,7
0,56,123,52,126,14,21,101,93,99,37
1,14,48,102,13,75,34,93,33,68,69
1,2,123,42,19,112,46,105,36,63,30
1,120,11,51,1,30,21,8,100,81,31
1,135,121,59,41,40,5,62,17,72,28
1,40,92,68,48,21,16,47,5,14,8
0,88,114,120,48,74,129,19,9,46,26
1,86,41,29,34,97,56,68,26,42,36
0,12,69,102,88,74,104,5,8,59,128
0,26,14,99,104,86,105,48,47,2,5
0,74,107,93,27,7,98,50,99,86,8
1,64,59,33,41,56,14,42,9,39,129
0,25,39,16,75,44,46,114,7,90,68
1,74,110,42,96,26,109,101,123,2,37
1,103,1,99,104,50,31,106,135,67,112
0,98,50,44,17,119,13,10,135,21,83
0,41,19,21,106,123,12,61,87,9,17
1,9,28,54,74,128,121,129,10,19,88
1,101,113,64,70,36,51,114,48,13,40
0,26,72,18,86,96,113,21,98,106,50
0,14,2,35,107,8,27,70,48,74,30
0,86,26,100,63,11,8,135,94,40,99
1,26,87,22,8,120,44,75,128,7,99
1,68,70,107,19,21,92,121,96,42,126
1,34,5,100,55,54,50,44,123,61,99
1,12,17,105,2,68,50,101,41,72,86
0,96,51,5,70,128,65,99,8,9,36
0,85,86,29,41,19,121,1,123,28,46
0,46,128,28,72,93,8,26,74,97,107
0,96,12,35,20,75,59,123,57,21,36
0,56,93,128,78,7,2,20,35,9,42
1,30,98,41,74,100,128,42,5,13,2
1,25,68,56,135,43,100,76,128,16,81
1,111,6,59,128,22,121,99,123,50,98
0,42,26,52,104,30,9,19,8,16,34
0,96,40,8,37,36,86,23,46,59,39
0,74,31,70,14,2,123,10,97,87,17
1,14,121,61,1,84,27,105,8,10,100
1,120,85,41,27,82,87,93,39,88,96
1,34,21,31,67,98,48,16,93,14,119
1,2,31,42,74,32,96,94,9,17,121
0,87,12,9,23,10,102,16,67,11,74
1,9,10,40,72,14,89,70,7,52,128
1,123,120,42,57,106,74,64,94,41,102
1,78,119,37,74,42,21,8,105,87,2
1,11,33,16,128,6,41,45,34,25,37
0,108,94,19,36,66,30,93,7,92,52
1,49,119,83,106,128,91,54,11,129,100
0,29,46,51,21,28,19,48,98,27,7
0,56,123,52,126,14,21,101,93,99,37
1,14,48,102,13,75,34,93,33,68,69
1,2,123,42,19,112,46,105,36,63,30
1,120,11,51,1,30,21,8,100,81,31
1,52,123,36,48,19,62,111,32,102,41
1,135,121,59,41,40,5,62,17,72,28
1,11,100,110,56,61,69,96,9,72,26
0,88,114,120,48,74,129,19,9,46,26
1,1,87,97,27,13,120,23,94,51,48
1,34,5,100,55,54,50,44,123,61,99
1,12,17,105,2,68,50,101,41,72,86
0,96,51,5,70,128,65,99,8,9,36
0,85,86,29,41,19,121,1,123,28,46
0,46,128,28,72,93,8,26,74,97,107
0,96,12,35,20,75,59,123,57,21,36
0,56,93,128,78,7,2,20,35,9,42
1,30,98,41,74,100,128,42,5,13,2
1,25,68,56,135,43,100,76,128,16,81
1,111,6,59,128,22,121,99,123,50,98
0,42,26,52,104,30,9,19,8,16,34
0,96,40,8,37,36,86,23,46,59,39
0,74,31,70,14,2,123,10,97,87,17
1,14,121,61,1,84,27,105,8,10,100
1,120,85,41,27,82,87,93,39,88,96
1,34,21,31,67,98,48,16,93,14,119
1,2,31,42,74,32,96,94,9,17,121
0,87,12,9,23,10,102,16,67,11,74
1,9,10,40,72,14,89,70,7,52,128
1,123,120,42,57,106,74,64,94,41,102
1,78,119,37,74,42,21,8,105,87,2
1,11,33,16,128,6,41,45,34,25,37
0,108,94,19,36,66,30,93,7,92,52
1,49,119,83,106,128,91,54,11,129,100
0,29,46,51,21,28,19,48,98,27,7
0,56,123,52,126,14,21,101,93,99,37
1,14,48,102,13,75,34,93,33,68,69
1,2,123,42,19,112,46,105,36,63,30
1,120,11,51,1,30,21,8,100,81,31
1,52,123,36,48,19,62,111,32,102,41
1,135,121,59,41,40,5,62,17,72,28
1,40,92,68,48,21,16,47,5,14,8
1,41,128,49,111,23,26,42,86,74,13
1,11,100,110,56,61,69,96,9,72,26
0,88,114,120,48,74,129,19,9,46,26
1,1,87,97,27,13,120,23,94,51,48
1,70,74,13,44,37,46,14,28,25,18
1,71,19,39,8,9,100,46,93,86,43
1,102,99,14,11,114,10,58,64,135,74
1,98,4,26,62,41,42,58,32,74,14
1,62,74,68,2,28,98,100,70,50,72
1,99,37,54,19,98,13,119,45,72,81
0,53,99,5,74,33,31,44,98,68,19
0,74,42,105,128,39,35,54,7,28,14
1,85,2,10,12,119,110,50,73,128,44
1,111,59,42,16,121,70,9,99,50,25
1,74,121,41,37,69,14,94,23,58,128
1,30,77,11,9,32,98,45,54,121,13
1,93,14,45,59,74,42,8,50,129,26
0,135,10,121,107,56,97,99,25,95,112
1,22,74,128,64,8,111,14,44,11,62
1,47,26,109,62,49,94,99,88,67,30
1,44,121,46,29,5,13,14,87,39,48
1,135,121,59,41,40,5,62,17,72,28
0,93,59,79,36,71,86,87,72,135,52
1,41,17,100,104,26,69,83,105,97,8
1,21,107,68,23,47,99,11,42,27,9
1,120,50,72,96,46,128,63,100,47,135
0,22,5,94,111,32,129,6,23,27,19
1,128,13,48,98,85,17,129,74,71,6
1,40,8,11,107,129,13,84,17,27,109
1,16,70,126,128,68,21,135,94,105,42
0,52,14,129,48,64,30,29,12,82,72
0,121,119,29,1,96,20,104,13,8,88
1,16,76,12,9,103,25,33,99,48,104
1,8,74,14,26,55,13,71,114,84,53
1,34,59,27,44,12,54,112,5,99,126
1,74,37,73,102,14,34,26,93,81,62
0,89,27,120,90,96,119,123,42,62,99
1,27,112,104,11,70,100,9,19,29,61
1,74,61,40,41,84,31,93,46,102,86
1,17,8,7,16,27,68,98,18,100,74
1,94,99,12,119,90,97,84,8,36,27
1,11,67,129,7,26,123,21,1,53,104
0,60,73,6,51,64,86,37,97,94,106
0,96,12,35,20,75,59,123,57,21,36
0,56,93,128,78,7,2,20,35,9,42
1,30,98,41,74,100,128,42,5,13,2
1,25,68,56,135,43,100,76,128,16,81
1,111,6,59,128,22,121,99,123,50,98
0,42,26,52,104,30,9,19,8,16,34
0,96,40,8,37,36,86,23,46,59,39
0,74,31,70,14,2,123,10,97,87,17
1,14,121,61,1,84,27,105,8,10,100
1,120,85,41,27,82,87,93,39,88,96
1,34,21,31,67,98,48,16,93,14,119
1,2,31,42,74,32,96,94,9,17,121
0,87,12,9,23,10,102,16,67,11,74
1,9,10,40,72,14,89,70,7,52,128
1,123,120,42,57,106,74,64,94,41,102
1,78,119,37,74,42,21,8,105,87,2
1,11,33,16,128,6,41,45,34,25,37
0,108,94,19,36,66,30,93,7,92,52
1,49,119,83,106,128,91,54,11,129,100
0,29,46,51,21,28,19,48,98,27,7
0,56,123,52,126,14,21,101,93,99,37
1,14,48,102,13,75,34,93,33,68,69
1,2,123,42,19,112,46,105,36,63,30
1,120,11,51,1,30,21,8,100,81,31
1,52,123,36,48,19,62,111,32,102,41
1,135,121,59,41,40,5,62,17,72,28
1,40,92,68,48,21,16,47,5,14,8
1,41,128,49,111,23,26,42,86,74,13
1,11,100,110,56,61,69,96,9,72,26
1,22,74,128,64,8,111,14,44,11,62
1,53,44,26,29,36,21,74,8,123,99
1,47,26,109,62,49,94,99,88,67,30
1,44,121,46,29,5,13,14,87,39,48
0,102,36,25,88,93,128,78,21,94,84
0,41,74,91,135,83,58,61,101,1,69
0,123,21,51,48,112,50,6,100,98,84
0,97,47,42,129,104,13,98,105,14,70
1,28,26,11,1,31,32,46,101,85,98
0,93,59,79,36,71,86,87,72,135,52
1,41,17,100,104,26,69,83,105,97,8
1,21,107,68,23,47,99,11,42,27,9
1,120,50,72,96,46,128,63,100,47,135
0,22,5,94,111,32,129,6,23,27,19
1,128,13,48,98,85,17,129,74,71,6
1,40,8,11,107,129,13,84,17,27,109
1,16,70,126,128,68,21,135,94,105,42
0,52,14,129,48,64,30,29,12,82,72
0,121,119,29,1,96,20,104,13,8,88
1,16,76,12,9,103,25,33,99,48,104
1,8,74,14,26,55,13,71,114,84,53
1,34,59,27,44,12,54,112,5,99,126
1,74,37,73,102,14,34,26,93,81,62
0,89,27,120,90,96,119,123,42,62,99
1,27,112,104,11,70,100,9,19,29,61
1,74,61,40,41,84,31,93,46,102,86
1,17,8,7,16,27,68,98,18,100,74
1,94,99,12,119,90,97,84,8,36,27
1,11,67,129,7,26,123,21,1,53,104
0,60,73,6,51,64,86,37,97,94,106
0,105,19,83,95,59,74,2,26,11,8
1,106,109,2,135,5,94,119,17,112,16
1,26,17,114,105,42,77,16,126,12,121
1,97,113,104,44,111,48,55,86,119,25
0,106,111,1,128,16,7,114,72,14,135
1,90,50,61,70,33,97,123,93,99,110
1,135,50,30,77,26,1,53,21,111,114
1,42,68,99,102,39,17,79,69,45,44
1,101,48,96,75,14,5,128,51,33,81
0,7,68,81,38,26,2,94,61,86,47
1,50,108,9,39,12,101,63,51,16,13
0,1,93,9,5,29,22,107,50,99,94
1,123,9,16,110,95,7,50,6,94,55
0,54,11,111,109,26,51,119,108,74,67
1,102,48,29,91,51,72,33,71,68,106
0,108,94,19,36,66,30,93,7,92,52
1,49,119,83,106,128,91,54,11,129,100
0,29,46,51,21,28,19,48,98,27,7
0,56,123,52,126,14,21,101,93,99,37
1,14,48,102,13,75,34,93,33,68,69
1,120,11,51,1,30,21,8,100,81,31
1,52,123,36,48,19,62,111,32,102,41
1,53,44,26,29,36,21,74,8,123,99
1,44,121,46,29,5,13,14,87,39,48
0,102,36,25,88,93,128,78,21,94,84
0,123,21,51,48,112,50,6,100,98,84
0,97,47,42,129,104,13,98,105,14,70
1,28,26,11,1,31,32,46,101,85,98
0,93,59,79,36,71,86,87,72,135,52
1,41,17,100,104,26,69,83,105,97,8
1,21,107,68,23,47,99,11,42,27,9
1,120,50,72,96,46,128,63,100,47,135
0,22,5,94,111,32,129,6,23,27,19
1,128,13,48,98,85,17,129,74,71,6
1,40,8,11,107,129,13,84,17,27,109
1,16,70,126,128,68,21,135,94,105,42
0,52,14,129,48,64,30,29,12,82,72
0,121,119,29,1,96,20,104,13,8,88
1,16,76,12,9,103,25,33,99,48,104
1,8,74,14,26,55,13,71,114,84,53
1,34,59,27,44,12,54,112,5,99,126
1,74,37,73,102,14,34,26,93,81,62
0,89,27,120,90,96,119,123,42,62,99
1,27,112,104,11,70,100,9,19,29,61
1,74,61,40,41,84,31,93,46,102,86
1,17,8,7,16,27,68,98,18,100,74
1,94,99,12,119,90,97,84,8,36,27
1,11,67,129,7,26,123,21,1,53,104
0,60,73,6,51,64,86,37,97,94,106
0,105,19,83,95,59,74,2,26,11,8
1,106,109,2,135,5,94,119,17,112,16
1,26,17,114,105,42,77,16,126,12,121
1,97,113,104,44,111,48,55,86,119,25
0,106,111,1,128,16,7,114,72,14,135
1,90,50,61,70,33,97,123,93,99,110
1,135,50,30,77,26,1,53,21,111,114
1,42,68,99,102,39,17,79,69,45,44
1,101,48,96,75,14,5,128,51,33,81
0,7,68,81,38,26,2,94,61,86,47
1,50,108,9,39,12,101,63,51,16,13
0,1,93,9,5,29,22,107,50,99,94
1,123,9,16,110,95,7,50,6,94,55
0,54,11,111,109,26,51,119,108,74,67
1,102,48,29,91,51,72,33,71,68,106
1,9,19,94,84,38,68,119,11,21,10
1,109,2,50,91,74,31,9,39,88,6
1,55,71,8,17,30,37,26,69,34,41
1,106,86,129,94,20,110,135,41,111,22
1,50,70,11,98,45,129,54,26,110,123
1,46,26,70,16,9,40,14,7,126,48
0,8,31,126,123,59,87,32,9,99,10
1,128,86,67,46,55,105,11,89,42,34
0,83,94,27,19,108,62,67,29,11,105
0,10,33,96,74,14,62,67,13,19,36
0,121,45,41,46,98,75,19,69,12,30
0,59,50,14,4,32,42,126,36,52,64
1,62,47,104,31,52,40,26,1,121,99
1,126,16,8,9,121,52,108,100,6,26
0,2,19,95,112,106,37,16,25,42,59
0,93,86,104,11,5,69,22,90,44,72
0,34,86,14,59,80,74,47,10,99,110
0,123,21,51,48,112,50,6,100,98,84
0,97,47,42,129,104,13,98,105,14,70
1,28,26,11,1,31,32,46,101,85,98
0,93,59,79,36,71,86,87,72,135,52
1,41,17,100,104,26,69,83,105,97,8
1,21,107,68,23,47,99,11,42,27,9
1,120,50,72,96,46,128,63,100,47,135
0,22,5,94,111,32,129,6,23,27,19
1,128,13,48,98,85,17,129,74,71,6
1,40,8,11,107,129,13,84,17,27,109
1,16,70,126,128,68,21,135,94,105,42
0,52,14,129,48,64,30,29,12,82,72
0,121,119,29,1,96,20,104,13,8,88
1,16,76,12,9,103,25,33,99,48,104
1,8,74,14,26,55,13,71,114,84,53
1,34,59,27,44,12,54,112,5,99,126
1,74,37,73,102,14,34,26,93,81,62
0,89,27,120,90,96,119,123,42,62,99
1,27,112,104,11,70,100,9,19,29,61
1,74,61,40,41,84,31,93,46,102,86
1,17,8,7,16,27,68,98,18,100,74
1,94,99,12,119,90,97,84,8,36,27
1,11,67,129,7,26,123,21,1,53,104
0,60,73,6,51,64,86,37,97,94,106
0,105,19,83,95,59,74,2,26,11,8
1,106,109,2,135,5,94,119,17,112,16
1,26,17,114,105,42,77,16,126,12,121
1,97,113,104,44,111,48,55,86,119,25
0,106,111,1,128,16,7,114,72,14,135
1,90,50,61,70,33,97,123,93,99,110
1,135,50,30,77,26,1,53,21,111,114
1,42,68,99,102,39,17,79,69,45,44
1,101,48,96,75,14,5,128,51,33,81
0,7,68,81,38,26,2,94,61,86,47
1,50,108,9,39,12,101,63,51,16,13
0,1,93,9,5,29,22,107,50,99,94
1,123,9,16,110,95,7,50,6,94,55
0,54,11,111,109,26,51,119,108,74,67
1,102,48,29,91,51,72,33,71,68,106
1,9,19,94,84,38,68,119,11,21,10
1,109,2,50,91,74,31,9,39,88,6
1,55,71,8,17,30,37,26,69,34,41
1,106,86,129,94,20,110,135,41,111,22
1,128,86,67,46,55,105,11,89,42,34
1,27,112,104,11,70,100,9,19,29,61
0,1,93,9,5,29,22,107,50,99,94
1,123,9,16,110,95,7,50,6,94,55
0,54,11,111,109,26,51,119,108,74,67
1,102,48,29,91,51,72,33,71,68,106
1,9,19,94,84,38,68,119,11,21,10
1,109,2,50,91,74,31,9,39,88,6
1,55,71,8,17,30,37,26,69,34,41
1,106,86,129,94,20,110,135,41,111,22
1,50,70,11,98,45,129,54,26,110,123
1,46,26,70,16,9,40,14,7,126,48
0,8,31,126,123,59,87,32,9,99,10
1,128,86,67,46,55,105,11,89,42,34
1,41,23,62,2,5,63,100,129,9,106
0,104,11,2,95,128,74,108,26,111,15
1,28,36,16,48,27,55,7,62,10,128
0,106,94,121,99,68,74,104,93,5,62
0,83,60,25,128,94,105,77,20,135,34
1,48,68,17,99,90,123,62,97,8,13
0,46,9,104,8,121,45,25,109,129,135
0,75,53,27,54,26,29,48,68,51,11
1,54,74,5,83,112,11,30,23,97,42
0,2,8,21,74,110,112,25,16,6,50
1,1,14,121,71,61,18,5,34,19,99
1,93,25,75,40,42,68,29,8,52,30
1,13,51,54,99,5,81,88,42,90,23
1,13,8,81,85,22,14,52,68,2,54
0,99,111,11,85,12,128,9,59,105,42
1,51,22,37,54,16,112,11,129,6,20
0,5,19,84,121,94,16,87,1,11,105
1,6,87,61,14,96,112,28,93,13,25
0,121,7,59,45,48,27,126,54,135,13
0,23,21,71,67,2,86,56,114,74,96
0,52,41,76,9,121,12,16,82,25,21
0,83,94,27,19,108,62,67,29,11,105
0,10,33,96,74,14,62,67,13,19,36
0,121,45,41,46,98,75,19,69,12,30
0,59,50,14,4,32,42,126,36,52,64
1,62,47,104,31,52,40,26,1,121,99
1,126,16,8,9,121,52,108,100,6,26
0,2,19,95,112,106,37,16,25,42,59
0,93,86,104,11,5,69,22,90,44,72
0,34,86,14,59,80,74,47,10,99,110
1,13,8,121,74,120,47,12,76,16,128
1,13,107,26,8,129,34,84,48,112,19
1,99,25,11,37,67,9,68,44,17,49
1,40,22,121,41,135,104,8,25,11,2
1,128,26,98,12,121,106,126,48,123,32
1,74,83,41,68,28,37,23,35,97,1
1,69,64,18,108,40,9,11,36,63,107
1,12,71,50,114,61,105,13,98,93,20
1,34,46,25,107,121,41,119,96,68,21
0,68,96,44,11,21,2,26,107,113,30
0,71,52,111,129,94,7,36,10,14,114
1,41,129,75,123,27,19,6,68,14,45
0,10,33,96,74,14,62,67,13,19,36
0,121,45,41,46,98,75,19,69,12,30
0,59,50,14,4,32,42,126,36,52,64
1,62,47,104,31,52,40,26,1,121,99
1,126,16,8,9,121,52,108,100,6,26
0,2,19,95,112,106,37,16,25,42,59
0,93,86,104,11,5,69,22,90,44,72
0,34,86,14,59,80,74,47,10,99,110
1,13,8,121,74,120,47,12,76,16,128
1,13,107,26,8,129,34,84,48,112,19
1,99,25,11,37,67,9,68,44,17,49
1,40,22,121,41,135,104,8,25,11,2
1,128,26,98,12,121,106,126,48,123,32
1,74,83,41,68,28,37,23,35,97,1
1,69,64,18,108,40,9,11,36,63,107
1,12,71,50,114,61,105,13,98,93,20
1,34,46,25,107,121,41,119,96,68,21
0,68,96,44,11,21,2,26,107,113,30
0,71,52,111,129,94,7,36,10,14,114
0,111,19,109,110,128,119,112,17,6,105
1,41,129,75,123,27,19,6,68,14,45
0,26,61,47,54,14,97,99,85,119,52
1,14,69,74,93,5,20,2,76,41,119
1,128,123,47,44,98,99,70,88,129,121
0,50,44,34,2,11,17,40,75,96,72
0,39,85,99,35,84,14,74,102,53,8
1,84,13,48,99,123,35,53,8,20,11
0,98,45,25,90,1,104,70,30,26,123
1,34,41,40,9,55,74,8,111,1,4
0,121,100,129,18,106,61,25,70,36,120
0,27,87,106,42,120,2,56,75,102,94
1,61,47,111,94,71,11,41,51,106,128
0,17,32,72,99,121,34,94,129,111,123
1,6,9,64,19,2,70,17,123,26,7
0,4,88,86,23,93,31,48,12,59,129
0,106,111,1,128,16,7,114,72,14,135
1,90,50,61,70,33,97,123,93,99,110
1,135,50,30,77,26,1,53,21,111,114
1,42,68,99,102,39,17,79,69,45,44
1,101,48,96,75,14,5,128,51,33,81
0,7,68,81,38,26,2,94,61,86,47
1,50,108,9,39,12,101,63,51,16,13
0,1,93,9,5,29,22,107,50,99,94
1,123,9,16,110,95,7,50,6,94,55
0,54,11,111,109,26,51,119,108,74,67
1,102,48,29,91,51,72,33,71,68,106
1,9,19,94,84,38,68,119,11,21,10
1,109,2,50,91,74,31,9,39,88,6
1,46,26,70,16,9,40,14,7,126,48
0,33,72,11,96,54,14,37,25,42,61
0,111,56,84,81,70,44,19,83,36,42
1,32,34,126,8,87,14,16,21,93,25
0,41,11,87,2,9,71,107,8,26,94
1,34,128,54,9,129,94,5,123,106,47
1,39,76,14,41,87,108,51,21,8,46
1,101,57,42,102,59,11,111,105,93,2
1,129,109,104,128,52,14,58,48,39,9
1,41,94,28,98,128,74,2,6,119,113
0,60,65,119,32,25,101,11,29,97,19
0,22,70,33,60,83,72,25,68,10,2
0,8,26,22,112,48,17,31,2,10,9
0,8,31,126,123,59,87,32,9,99,10
1,128,86,67,46,55,105,11,89,42,34
1,41,23,62,2,5,63,100,129,9,106
0,104,11,2,95,128,74,108,26,111,15
1,28,36,16,48,27,55,7,62,10,128
0,106,94,121,99,68,74,104,93,5,62
0,83,60,25,128,94,105,77,20,135,34
1,48,68,17,99,90,123,62,97,8,13
0,46,9,104,8,121,45,25,109,129,135
0,75,53,27,54,26,29,48,68,51,11
1,54,74,5,83,112,11,30,23,97,42
0,2,8,21,74,110,112,25,16,6,50
1,1,14,121,71,61,18,5,34,19,99
1,93,25,75,40,42,68,29,8,52,30
1,13,51,54,99,5,81,88,42,90,23
1,13,8,81,85,22,14,52,68,2,54
0,99,111,11,85,12,128,9,59,105,42
1,51,22,37,54,16,112,11,129,6,20
0,5,19,84,121,94,16,87,1,11,105
1,6,87,61,14,96,112,28,93,13,25
0,121,7,59,45,48,27,126,54,135,13
0,23,21,71,67,2,86,56,114,74,96
0,52,41,76,9,121,12,16,82,25,21
0,83,94,27,19,108,62,67,29,11,105
0,10,33,96,74,14,62,67,13,19,36
0,121,45,41,46,98,75,19,69,12,30
0,59,50,14,4,32,42,126,36,52,64
1,62,47,104,31,52,40,26,1,121,99
1,126,16,8,9,121,52,108,100,6,26
0,2,19,95,112,106,37,16,25,42,59
0,93,86,104,11,5,69,22,90,44,72
0,34,86,14,59,80,74,47,10,99,110
1,13,8,121,74,120,47,12,76,16,128
1,13,107,26,8,129,34,84,48,112,19
1,99,25,11,37,67,9,68,44,17,49
1,40,22,121,41,135,104,8,25,11,2
1,128,26,98,12,121,106,126,48,123,32
1,74,83,41,68,28,37,23,35,97,1
1,34,46,25,107,121,41,119,96,68,21
0,68,96,44,11,21,2,26,107,113,30
1,93,25,75,40,42,68,29,8,52,30
1,13,51,54,99,5,81,88,42,90,23
1,13,8,81,85,22,14,52,68,2,54
1,51,22,37,54,16,112,11,129,6,20
0,5,19,84,121,94,16,87,1,11,105
1,6,87,61,14,96,112,28,93,13,25
0,121,7,59,45,48,27,126,54,135,13
0,23,21,71,67,2,86,56,114,74,96
0,52,41,76,9,121,12,16,82,25,21
0,83,94,27,19,108,62,67,29,11,105
0,10,33,96,74,14,62,67,13,19,36
0,121,45,41,46,98,75,19,69,12,30
0,59,50,14,4,32,42,126,36,52,64
1,62,47,104,31,52,40,26,1,121,99
1,126,16,8,9,121,52,108,100,6,26
0,2,19,95,112,106,37,16,25,42,59
0,93,86,104,11,5,69,22,90,44,72
0,34,86,14,59,80,74,47,10,99,110
1,13,8,121,74,120,47,12,76,16,128
1,13,107,26,8,129,34,84,48,112,19
1,99,25,11,37,67,9,68,44,17,49
1,40,22,121,41,135,104,8,25,11,2
1,128,26,98,12,121,106,126,48,123,32
1,74,83,41,68,28,37,23,35,97,1
1,69,64,18,108,40,9,11,36,63,107
1,12,71,50,114,61,105,13,98,93,20
1,34,46,25,107,121,41,119,96,68,21
0,68,96,44,11,21,2,26,107,113,30
0,71,52,111,129,94,7,36,10,14,114
0,111,19,109,110,128,119,112,17,6,105
1,41,129,75,123,27,19,6,68,14,45
0,26,61,47,54,14,97,99,85,119,52
1,14,69,74,93,5,20,2,76,41,119
1,128,123,47,44,98,99,70,88,129,121
0,50,44,34,2,11,17,40,75,96,72
0,39,85,99,35,84,14,74,102,53,8
1,84,13,48,99,123,35,53,8,20,11
0,98,45,25,90,1,104,70,30,26,123
1,34,41,40,9,55,74,8,111,1,4
0,121,100,129,18,106,61,25,70,36,120
0,27,87,106,42,120,2,56,75,102,94
1,61,47,111,94,71,11,41,51,106,128
0,17,32,72,99,121,34,94,129,111,123
1,6,9,64,19,2,70,17,123,26,7
0,4,88,86,23,93,31,48,12,59,129
0,37,123,35,99,67,52,26,27,8,36
0,6,135,129,121,22,93,21,25,57,113
1,19,53,112,14,68,79,44,37,99,74
0,121,9,93,2,45,123,26,80,10,135
0,17,22,25,8,108,83,129,13,5,1
0,33,72,11,96,54,14,37,25,42,61
0,111,56,84,81,70,44,19,83,36,42
0,1,120,25,105,87,21,44,129,111,59
0,71,52,111,129,94,7,36,10,14,114
0,111,19,109,110,128,119,112,17,6,105
0,26,61,47,54,14,97,99,85,119,52
1,14,69,74,93,5,20,2,76,41,119
1,128,123,47,44,98,99,70,88,129,121
0,50,44,34,2,11,17,40,75,96,72
0,39,85,99,35,84,14,74,102,53,8
1,84,13,48,99,123,35,53,8,20,11
0,98,45,25,90,1,104,70,30,26,123
1,34,41,40,9,55,74,8,111,1,4
0,121,100,129,18,106,61,25,70,36,120
0,27,87,106,42,120,2,56,75,102,94
1,61,47,111,94,71,11,41,51,106,128
0,17,32,72,99,121,34,94,129,111,123
1,6,9,64,19,2,70,17,123,26,7
0,4,88,86,23,93,31,48,12,59,129
0,37,123,35,99,67,52,26,27,8,36
0,6,135,129,121,22,93,21,25,57,113
1,19,53,112,14,68,79,44,37,99,74
0,121,9,93,2,45,123,26,80,10,135
0,48,39,21,7,17,84,94,106,110,74
0,17,22,25,8,108,83,129,13,5,1
0,33,72,11,96,54,14,37,25,42,61
0,111,56,84,81,70,44,19,83,36,42
1,32,34,126,8,87,14,16,21,93,25
0,41,11,87,2,9,71,107,8,26,94
1,34,128,54,9,129,94,5,123,106,47
1,39,76,14,41,87,108,51,21,8,46
1,101,57,42,102,59,11,111,105,93,2
1,129,109,104,128,52,14,58,48,39,9
1,41,94,28,98,128,74,2,6,119,113
0,60,65,119,32,25,101,11,29,97,19
0,22,70,33,60,83,72,25,68,10,2
0,8,26,22,112,48,17,31,2,10,9
1,54,27,17,75,108,10,47,31,79,99
1,44,107,13,27,47,121,29,15,22,95
0,112,2,39,52,70,33,104,71,93,25
1,100,48,10,68,99,121,101,25,69,8
1,123,86,83,99,70,10,88,2,121,93
1,112,60,42,52,35,72,48,104,30,11
1,13,31,29,121,48,86,74,42,26,120
1,30,39,129,74,113,72,62,8,81,126
1,7,29,93,21,36,49,9,8,111,2
0,26,19,45,1,30,84,106,102,129,42
1,26,13,109,79,99,51,55,84,11,44
1,135,113,14,86,41,109,74,36,87,106
0,6,19,102,74,14,11,26,48,98,110
1,46,32,35,14,81,120,128,104,54,86
0,128,41,129,30,19,26,135,109,11,25
1,44,107,13,27,47,121,29,15,22,95
0,112,2,39,52,70,33,104,71,93,25
1,100,48,10,68,99,121,101,25,69,8
1,123,86,83,99,70,10,88,2,121,93
1,112,60,42,52,35,72,48,104,30,11
1,13,31,29,121,48,86,74,42,26,120
1,30,39,129,74,113,72,62,8,81,126
1,7,29,93,21,36,49,9,8,111,2
0,26,19,45,1,30,84,106,102,129,42
1,26,13,109,79,99,51,55,84,11,44
1,135,113,14,86,41,109,74,36,87,106
0,6,19,102,74,14,11,26,48,98,110
1,14,70,83,84,106,42,3,28,68,120
1,46,32,35,14,81,120,128,104,54,86
0,128,41,129,30,19,26,135,109,11,25
0,107,33,1,17,111,46,94,129,27,102
0,25,88,94,97,47,55,17,30,27,6
1,30,59,101,8,2,3,45,119,54,16
1,28,9,12,64,82,100,23,52,121,63
1,46,93,85,60,88,86,114,1,83,29
1,94,30,27,104,92,41,110,62,34,100
0,2,33,94,42,9,91,6,11,100,96
0,135,91,114,86,45,56,89,107,129,11
0,93,59,112,119,51,26,60,121,67,39
0,33,26,86,1,30,5,48,57,19,96
0,96,35,21,42,14,86,119,94,13,16
0,39,48,16,9,26,2,93,45,129,85
1,112,14,128,42,52,93,74,90,60,105
1,59,93,90,96,119,74,135,35,26,106
1,31,45,93,29,19,46,9,2,79,81
1,2,37,71,106,42,75,96,9,19,41
1,89,32,64,99,126,21,13,10,104,53
1,69,64,18,108,40,9,11,36,63,107
1,12,71,50,114,61,105,13,98,93,20
1,34,46,25,107,121,41,119,96,68,21
0,68,96,44,11,21,2,26,107,113,30
0,71,52,111,129,94,7,36,10,14,114
0,111,19,109,110,128,119,112,17,6,105
1,41,129,75,123,27,19,6,68,14,45
0,26,61,47,54,14,97,99,85,119,52
1,14,69,74,93,5,20,2,76,41,119
1,128,123,47,44,98,99,70,88,129,121
0,50,44,34,2,11,17,40,75,96,72
0,39,85,99,35,84,14,74,102,53,8
1,84,13,48,99,123,35,53,8,20,11
0,98,45,25,90,1,104,70,30,26,123
1,34,41,40,9,55,74,8,111,1,4
0,121,100,129,18,106,61,25,70,36,120
0,27,87,106,42,120,2,56,75,102,94
1,61,47,111,94,71,11,41,51,106,128
0,17,22,25,8,108,83,129,13,5,1
0,33,72,11,96,54,14,37,25,42,61
0,111,56,84,81,70,44,19,83,36,42
1,32,34,126,8,87,14,16,21,93,25
0,41,11,87,2,9,71,107,8,26,94
1,34,128,54,9,129,94,5,123,106,47
1,39,76,14,41,87,108,51,21,8,46
1,101,57,42,102,59,11,111,105,93,2
1,129,109,104,128,52,14,58,48,39,9
1,41,94,28,98,128,74,2,6,119,113
0,60,65,119,32,25,101,11,29,97,19
0,22,70,33,60,83,72,25,68,10,2
0,8,26,22,112,48,17,31,2,10,9
1,54,27,17,75,108,10,47,31,79,99
1,44,107,13,27,47,121,29,15,22,95
0,112,2,39,52,70,33,104,71,93,25
1,100,48,10,68,99,121,101,25,69,8
1,123,86,83,99,70,10,88,2,121,93
1,112,60,42,52,35,72,48,104,30,11
1,13,31,29,121,48,86,74,42,26,120
1,30,39,129,74,113,72,62,8,81,126
1,7,29,93,21,36,49,9,8,111,2
0,26,19,45,1,30,84,106,102,129,42
1,26,13,109,79,99,51,55,84,11,44
1,135,113,14,86,41,109,74,36,87,106
0,6,19,102,74,14,11,26,48,98,110
1,14,70,83,84,106,42,3,28,68,120
1,46,32,35,14,81,120,128,104,54,86
0,128,41,129,30,19,26,135,109,11,25
0,107,33,1,17,111,46,94,129,27,102
0,25,88,94,97,47,55,17,30,27,6
1,30,59,101,8,2,3,45,119,54,16
1,28,9,12,64,82,100,23,52,121,63
1,46,93,85,60,88,86,114,1,83,29
1,94,30,27,104,92,41,110,62,34,100
0,2,33,94,42,9,91,6,11,100,96
0,135,91,114,86,45,56,89,107,129,11
0,93,59,112,119,51,26,60,121,67,39
0,33,26,86,1,30,5,48,57,19,96
0,96,35,21,42,14,86,119,94,13,16
0,39,48,16,9,26,2,93,45,129,85
1,112,14,128,42,52,93,74,90,60,105
1,59,93,90,96,119,74,135,35,26,106
1,31,45,93,29,19,46,9,2,79,81
1,2,37,71,106,42,75,96,9,19,41
1,89,32,64,99,126,21,13,10,104,53
0,39,17,109,96,30,44,123,11,97,101
1,104,113,32,112,126,82,8,2,9,119
1,26,105,70,99,106,103,1,11,21,64
1,94,99,68,123,129,106,9,96,42,30
1,10,23,40,39,51,53,69,14,94,15
0,44,16,110,10,87,101,2,128,59,67
0,39,59,41,99,13,8,104,2,26,45
0,33,18,96,74,50,31,47,52,123,98
1,17,9,129,18,7,61,128,8,20,37
0,48,2,85,128,62,35,7,99,76,37
1,110,46,19,31,10,77,51,5,56,13
0,42,59,51,37,53,84,61,44,2,17
0,70,113,85,40,14,61,98,94,30,50
1,56,37,15,51,112,40,123,94,45,67
1,61,87,69,106,72,63,19,13,109,98
0,8,108,105,68,22,70,61,90,48,97
0,2,14,37,48,106,61,11,12,26,64
0,42,126,110,61,84,99,128,87,12,135
0,129,48,26,74,83,8,96,31,97,84
1,25,11,50,12,129,20,87,46,48,112
1,53,5,19,41,14,70,74,16,87,97
0,88,49,94,2,104,68,9,59,36,109
1,19,119,98,135,109,104,88,106,94,102
0,11,12,2,90,128,5,28,70,13,25
1,67,123,23,30,28,17,81,1,79,26
1,135,1,106,105,36,112,14,7,17,99
1,5,120,61,8,92,31,72,100,16,4
0,1,79,84,106,2,52,64,126,41,81
0,109,59,78,69,64,81,18,74,128,121
1,13,26,94,128,47,97,84,59,8,25
0,12,39,120,31,101,40,8,135,14,56
1,14,7,10,26,61,53,55,87,93,39
1,4,123,135,37,19,17,42,25,21,14
0,44,16,110,10,87,101,2,128,59,67
0,39,59,41,99,13,8,104,2,26,45
0,33,18,96,74,50,31,47,52,123,98
0,48,2,85,128,62,35,7,99,76,37
1,110,46,19,31,10,77,51,5,56,13
0,42,59,51,37,53,84,61,44,2,17
0,70,113,85,40,14,61,98,94,30,50
1,56,37,15,51,112,40,123,94,45,67
1,61,87,69,106,72,63,19,13,109,98
0,8,108,105,68,22,70,61,90,48,97
0,2,14,37,48,106,61,11,12,26,64
0,42,126,110,61,84,99,128,87,12,135
0,129,48,26,74,83,8,96,31,97,84
1,53,5,19,41,14,70,74,16,87,97
0,88,49,94,2,104,68,9,59,36,109
1,19,119,98,135,109,104,88,106,94,102
0,11,12,2,90,128,5,28,70,13,25
1,67,123,23,30,28,17,81,1,79,26
1,135,1,106,105,36,112,14,7,17,99
1,5,120,61,8,92,31,72,100,16,4
0,1,79,84,106,2,52,64,126,41,81
0,109,59,78,69,64,81,18,74,128,121
1,13,26,94,128,47,97,84,59,8,25
0,12,39,120,31,101,40,8,135,14,56
1,14,7,10,26,61,53,55,87,93,39
1,4,123,135,37,19,17,42,25,21,14
1,81,51,4,26,8,86,114,129,14,35
1,85,76,102,27,67,13,29,14,42,3
0,55,110,59,50,95,10,111,76,99,84
1,32,26,106,31,19,48,16,74,111,61
1,71,123,48,15,101,52,10,29,36,9
0,86,50,28,93,10,70,37,71,26,55
0,109,14,20,121,99,44,88,120,82,86
1,10,23,40,39,51,53,69,14,94,15
0,44,16,110,10,87,101,2,128,59,67
0,39,59,41,99,13,8,104,2,26,45
0,33,18,96,74,50,31,47,52,123,98
1,17,9,129,18,7,61,128,8,20,37
0,48,2,85,128,62,35,7,99,76,37
1,110,46,19,31,10,77,51,5,56,13
0,42,59,51,37,53,84,61,44,2,17
0,70,113,85,40,14,61,98,94,30,50
1,56,37,15,51,112,40,123,94,45,67
1,61,87,69,106,72,63,19,13,109,98
0,8,108,105,68,22,70,61,90,48,97
0,2,14,37,48,106,61,11,12,26,64
0,42,126,110,61,84,99,128,87,12,135
0,129,48,26,74,83,8,96,31,97,84
1,25,11,50,12,129,20,87,46,48,112
1,53,5,19,41,14,70,74,16,87,97
0,88,49,94,2,104,68,9,59,36,109
1,19,119,98,135,109,104,88,106,94,102
0,11,12,2,90,128,5,28,70,13,25
1,67,123,23,30,28,17,81,1,79,26
1,135,1,106,105,36,112,14,7,17,99
1,5,120,61,8,92,31,72,100,16,4
0,1,79,84,106,2,52,64,126,41,81
0,109,59,78,69,64,81,18,74,128,121
1,13,26,94,128,47,97,84,59,8,25
0,12,39,120,31,101,40,8,135,14,56
1,14,7,10,26,61,53,55,87,93,39
1,4,123,135,37,19,17,42,25,21,14
0,69,121,44,21,110,55,8,74,9,68
1,112,96,94,14,74,99,93,59,64,25
1,81,51,4,26,8,86,114,129,14,35
1,85,76,102,27,67,13,29,14,42,3
1,10,23,40,39,51,53,69,14,94,15
0,44,16,110,10,87,101,2,128,59,67
0,39,59,41,99,13,8,104,2,26,45
0,33,18,96,74,50,31,47,52,123,98
1,17,9,129,18,7,61,128,8,20,37
0,48,2,85,128,62,35,7,99,76,37
1,110,46,19,31,10,77,51,5,56,13
0,42,59,51,37,53,84,61,44,2,17
0,70,113,85,40,14,61,98,94,30,50
1,56,37,15,51,112,40,123,94,45,67
1,61,87,69,106,72,63,19,13,109,98
0,8,108,105,68,22,70,61,90,48,97
0,2,14,37,48,106,61,11,12,26,64
0,42,126,110,61,84,99,128,87,12,135
0,129,48,26,74,83,8,96,31,97,84
1,25,11,50,12,129,20,87,46,48,112
1,53,5,19,41,14,70,74,16,87,97
0,88,49,94,2,104,68,9,59,36,109
1,19,119,98,135,109,104,88,106,94,102
0,11,12,2,90,128,5,28,70,13,25
1,67,123,23,30,28,17,81,1,79,26
1,135,1,106,105,36,112,14,7,17,99
1,5,120,61,8,92,31,72,100,16,4
0,109,59,78,69,64,81,18,74,128,121
1,13,26,94,128,47,97,84,59,8,25
0,12,39,120,31,101,40,8,135,14,56
1,14,7,10,26,61,53,55,87,93,39
1,4,123,135,37,19,17,42,25,21,14
0,69,121,44,21,110,55,8,74,9,68
1,112,96,94,14,74,99,93,59,64,25
1,81,51,4,26,8,86,114,129,14,35
1,85,76,102,27,67,13,29,14,42,3
0,55,110,59,50,95,10,111,76,99,84
1,32,26,106,31,19,48,16,74,111,61
1,71,123,48,15,101,52,10,29,36,9
1,10,23,40,39,51,53,69,14,94,15
0,44,16,110,10,87,101,2,128,59,67
0,39,59,41,99,13,8,104,2,26,45
0,33,18,96,74,50,31,47,52,123,98
1,17,9,129,18,7,61,128,8,20,37
0,48,2,85,128,62,35,7,99,76,37
1,110,46,19,31,10,77,51,5,56,13
0,42,59,51,37,53,84,61,44,2,17
0,70,113,85,40,14,61,98,94,30,50
1,56,37,15,51,112,40,123,94,45,67
1,61,87,69,106,72,63,19,13,109,98
0,8,108,105,68,22,70,61,90,48,97
0,2,14,37,48,106,61,11,12,26,64
0,42,126,110,61,84,99,128,87,12,135
0,129,48,26,74,83,8,96,31,97,84
1,25,11,50,12,129,20,87,46,48,112
1,53,5,19,41,14,70,74,16,87,97
0,88,49,94,2,104,68,9,59,36,109
1,19,119,98,135,109,104,88,106,94,102
0,11,12,2,90,128,5,28,70,13,25
1,67,123,23,30,28,17,81,1,79,26
1,135,1,106,105,36,112,14,7,17,99
1,5,120,61,8,92,31,72,100,16,4
0,1,79,84,106,2,52,64,126,41,81
0,109,59,78,69,64,81,18,74,128,121
1,13,26,94,128,47,97,84,59,8,25
0,12,39,120,31,101,40,8,135,14,56
1,14,7,10,26,61,53,55,87,93,39
1,4,123,135,37,19,17,42,25,21,14
0,69,121,44,21,110,55,8,74,9,68
1,112,96,94,14,74,99,93,59,64,25
1,81,51,4,26,8,86,114,129,14,35
1,85,76,102,27,67,13,29,14,42,3
0,55,110,59,50,95,10,111,76,99,84
1,32,26,106,31,19,48,16,74,111,61
1,71,123,48,15,101,52,10,29,36,9
0,44,16,110,10,87,101,2,128,59,67
0,39,59,41,99,13,8,104,2,26,45
0,33,18,96,74,50,31,47,52,123,98
0,48,2,85,128,62,35,7,99,76,37
1,110,46,19,31,10,77,51,5,56,13
0,42,59,51,37,53,84,61,44,2,17
0,70,113,85,40,14,61,98,94,30,50
1,56,37,15,51,112,40,123,94,45,67
1,61,87,69,106,72,63,19,13,109,98
0,8,108,105,68,22,70,61,90,48,97
0,2,14,37,48,106,61,11,12,26,64
0,42,126,110,61,84,99,128,87,12,135
0,129,48,26,74,83,8,96,31,97,84
1,53,5,19,41,14,70,74,16,87,97
0,88,49,94,2,104,68,9,59,36,109
1,19,119,98,135,109,104,88,106,94,102
0,11,12,2,90,128,5,28,70,13,25
1,67,123,23,30,28,17,81,1,79,26
1,135,1,106,105,36,112,14,7,17,99
1,5,120,61,8,92,31,72,100,16,4
0,1,79,84,106,2,52,64,126,41,81
0,109,59,78,69,64,81,18,74,128,121
1,13,26,94,128,47,97,84,59,8,25
0,12,39,120,31,101,40,8,135,14,56
1,14,7,10,26,61,53,55,87,93,39
1,4,123,135,37,19,17,42,25,21,14
1,81,51,4,26,8,86,114,129,14,35
1,85,76,102,27,67,13,29,14,42,3
0,55,110,59,50,95,10,111,76,99,84
1,32,26,106,31,19,48,16,74,111,61
1,71,123,48,15,101,52,10,29,36,9
0,86,50,28,93,10,70,37,71,26,55
0,109,14,20,121,99,44,88,120,82,86
1,11,7,1,2,31,37,19,101,8,135
1,67,71,106,62,26,9,76,40,8,60
1,30,42,69,68,19,2,28,26,8,86
1,88,108,93,85,22,96,21,64,8,61